key,key:userAccount,firm,professionalID,certifications,link
auditor-01,user-account-auditor-01,"Acme","Jorge Salvaje","CIA (Certified Internal Auditor),CISA (Certified Information Systems Auditor)","https://www.linkedin.com"
auditor-02,user-account-auditor-02,"Meta","Gary Llaneza","CRMA (Certification in Risk Management Assurance),CFE (Certified Fraud Examiner)","https://es-es.facebook.com/"
auditor-03,user-account-auditor-03,"Las olas del mar susurran secretos al viento, mientras el sol se oculta tra","textocon25caracteressssss","iF8l3kz&$oE7*Ptq6%vBwXrn29LjcNuhM5sDxAJg01GYRy4VbHZeTpCQK#7WiS!ur29823hdfoais93jchu39jeucnakl9876jh2","https://www.xYz12AbC3dEfG4hIjKlMnOpQrStUvW5xY6Z7aB8cDeFgHiJkLmN9oPqRsTuVwXyZ.com"
auditor-04,user-account-auditor-03,"7kMl3$zOpVgW2x&y5Rc1QbHnXaT8fS9uJdI6eAsY4G&y5Rc1QbHnXaT8fS9uJdI6eAsY4GeAsY4","aaaaaaa",".",null
auditor-05,user-account-auditor-03,"arriba van 75 caracteres",".","random certification",null
auditor-06,user-account-auditor-03,"aqui no","####","empty certification",null
auditor-07,user-account-auditor-03,".","h","no no?","https://generator.lorem-ipsum.info/_japanese"
auditor-08,user-account-auditor-03,"asdfasd","textocon25caractereeessss","como que",null
auditor-09,user-account-auditor-03,".","通ネ面憲スオナツ躍給キ","33?",null
auditor-10,user-account-auditor-03,"aspdfñ","<div>nosécentrardiv</div>","nah",null
auditor-11,user-account-auditor-03,">>>><<<<<","p","iF8l3kz&$oE7*Ptq6%vBwXrn29LjcNuhM5sDxAJg01GYRy4VbHZeTpCQK#7WiS!ur29823hdfoais93jchu39jeucnakl9876jh2",null
auditor-12,user-account-auditor-03,"通ネ面憲ス","x","ahi iba 100 caracteres",null
auditor-13,user-account-auditor-03,"7kMl3$zOpVgW2x&y5Rc1QbHnXaT8fS9uJdI6eAsY4G&y5Rc1QbHnXaT8fS9uJdI6eAsY4GeAsY4","Hola","aqui no",null
auditor-14,user-account-auditor-03,"wowowwo","RialRondon",".",null
auditor-15,user-account-auditor-03,"a","33?","si",null