key,moment,title,author,message,email,link
note-01,2000/01/01 00:00,"Recordatorio de reunión","Juan Pérez","Recuerda que la reunión de equipo está programada para mañana a las 10:00 a.m. en la sala de juntas.","juan.perez@ejemplo.com",https://ejemplo.com/reunion
note-02,2021/09/30 15:45,"T","Ana Torres","¡Feliz cumpleaños! Esperamos que tengas un gran día.","ana.torres@ejemplo.com",https://ejemplo.com/feliz-cumpleanos
note-03,2021/10/05 09:30,"TE","Luis Gómez","La versión actualizada del proyecto ya está disponible en el repositorio de código.","luis.gomez@ejemplo.com",https://ejemplo.com/actualizacion-proyecto
note-04,2021/10/05 09:30,"75stTestTestTestTestTestTestTestTestTestTestTestTestTestTestTestTestTestTes","María Fernández","Quería agradecer a todo el equipo por su arduo trabajo","maria.fernandez@ejemplo.com",https://ejemplo.com/agradecimiento
note-05,2021/09/10 09:00,"74stTestTestTestTestTestTestTestTestTestTestTestTestTestTestTestTestTestTe","Laura González","Hemos actualizado nuestra política de teletrabajo","laura.gonzalez@ejemplo.com",https://ejemplo.com/politica-teletrabajo
note-06,2021/09/10 09:00,"<h1>Hola!</h1>","Carlos Rodríguez","Te invitamos a nuestro evento de caridad anual","carlos.rodriguez@ejemplo.com",https://ejemplo.com/evento-caridad
note-07,2021/09/05 13:00,"<script>alert("Hello There")</script>","Sofía Hernández","Quiero solicitar una semana de vacaciones del 15 al 22 de octubre.","sofia.hernandez@ejemplo.com",https://ejemplo.com/solicitud-vacaciones
note-08,2021/08/30 16:30,"ØðƤƠƘƘǠǢƿ","Javier Torres","Lamentablemente, el envío de su pedido se retrasará una semana","javier.torres@ejemplo.com",https://ejemplo.com/retraso-entrega
note-09,2021/08/25 12:45,"Привет с добрым утром","Raquel Pérez","¡Felicitaciones por su merecida promoción!","raquel.perez@ejemplo.com",https://ejemplo.com/felicitaciones-promocion
note-10,2021/09/30 15:45,"T","T","¡Feliz cumpleaños! Esperamos que tengas un gran día.","ana.torres@ejemplo.com",https://ejemplo.com/feliz-cumpleanos
note-11,2021/09/30 15:45,"T","TE","¡Feliz cumpleaños! Esperamos que tengas un gran día.","ana.torres@ejemplo.com",https://ejemplo.com/feliz-cumpleanos
note-12,2021/09/30 15:45,"T","75stTestTestTestTestTestTestTestTestTestTestTestTestTestTestTestTestTestTes","¡Feliz cumpleaños! Esperamos que tengas un gran día.","ana.torres@ejemplo.com",https://ejemplo.com/feliz-cumpleanos
note-13,2021/09/30 15:45,"T","74stTestTestTestTestTestTestTestTestTestTestTestTestTestTestTestTestTestTe","¡Feliz cumpleaños! Esperamos que tengas un gran día.","ana.torres@ejemplo.com",https://ejemplo.com/feliz-cumpleanos
note-14,2021/09/30 15:45,"T","<h1>Hola!</h1>","¡Feliz cumpleaños! Esperamos que tengas un gran día.","ana.torres@ejemplo.com",https://ejemplo.com/feliz-cumpleanos
note-15,2021/09/30 15:45,"T","<script>alert("Hello There")</script>","¡Feliz cumpleaños! Esperamos que tengas un gran día.","ana.torres@ejemplo.com",https://ejemplo.com/feliz-cumpleanos
note-16,2021/09/30 15:45,"T","ØðƤƠƘƘǠǢƿ","¡Feliz cumpleaños! Esperamos que tengas un gran día.","ana.torres@ejemplo.com",https://ejemplo.com/feliz-cumpleanos
note-17,2021/09/30 15:45,"T","Привет с добрым утром","¡Feliz cumpleaños! Esperamos que tengas un gran día.","ana.torres@ejemplo.com",https://ejemplo.com/feliz-cumpleanos
note-18,2021/09/30 15:45,"T","Ana Torres","T","ana.torres@ejemplo.com",https://ejemplo.com/feliz-cumpleanos
note-19,2021/09/30 15:45,"T","Ana Torres","TE","ana.torres@ejemplo.com",https://ejemplo.com/feliz-cumpleanos
note-20,2021/09/30 15:45,"T","Ana Torres","100tTestTestTestTestTestTestTestTestTestTestTestTestTestTestTestTestTestTestTestTestTestTestTestTest","ana.torres@ejemplo.com",https://ejemplo.com/feliz-cumpleanos
note-21,2021/09/30 15:45,"T","Ana Torres","99stTestTestTestTestTestTestTestTestTestTestTestTestTestTestTestTestTestTestTestTestTestTestTestTest","ana.torres@ejemplo.com",https://ejemplo.com/feliz-cumpleanos
note-22,2021/09/30 15:45,"T","Ana Torres","<h1>Hola!</h1>","ana.torres@ejemplo.com",https://ejemplo.com/feliz-cumpleanos
note-23,2021/09/30 15:45,"T","Ana Torres","<script>alert("Hello There")</script>","ana.torres@ejemplo.com",https://ejemplo.com/feliz-cumpleanos
note-24,2021/09/30 15:45,"T","Ana Torres","ØðƤƠƘƘǠǢƿ","ana.torres@ejemplo.com",https://ejemplo.com/feliz-cumpleanos
note-25,2021/09/30 15:45,"T","Ana Torres","Привет с добрым утром","ana.torres@ejemplo.com",https://ejemplo.com/feliz-cumpleanos
note-26,2021/09/30 15:45,"T","Ana Torres","test",,https://ejemplo.com/feliz-cumpleanos
note-27,2021/09/30 15:45,"T","Ana Torres","test","ana.torres@ejemplo.com",