key,moment,title,nick,message,email,link
peep-01,2022/02/03 00:00,"T","Test","Esto es un peep de ejemplo",null,null
peep-02,2022/02/03 00:00,"Te","Test","Esto es un peep de ejemplo",null,null
peep-03,2022/02/03 00:00,"TestTestTestTestTestTestTestTestTestTestTestTestTestTestTestTestTestTestTes","Test","Esto es un peep de ejemplo",null,null
peep-04,2022/02/03 00:00,"TestTestTestTestTestTestTestTestTestTestTestTestTestTestTestTestTestTestTe","Test","Esto es un peep de ejemplo",null,null
peep-05,2022/02/03 00:00,"T","T","Esto es un peep de ejemplo",null,null
peep-06,2022/02/03 00:00,"T","Te","Esto es un peep de ejemplo",null,null
peep-07,2022/02/03 00:00,"T","TestTestTestTestTestTestTestTestTestTestTestTestTestTestTestTestTestTestTes","Esto es un peep de ejemplo",null,null
peep-08,2022/02/03 00:00,"T","TestTestTestTestTestTestTestTestTestTestTestTestTestTestTestTestTestTestTe","Esto es un peep de ejemplo",null,null
peep-09,2022/02/03 00:00,"T","Test","E",null,null
peep-10,2022/02/03 00:00,"T","Test","Es",null,null
peep-11,2022/02/03 00:00,"T","Test","Esto es un peep de ejemploejemploejemploejemploejemploejemploejemploejemploejemploejemploejemploejemploejemploooo",null,null
peep-12,2022/02/03 00:00,"T","Test","Esto es un peep de ejemploejemploejemploejemploejemploejemploejemploejemploejemploejemploejemploejemploejemplooo",null,null
peep-13,2022/02/03 00:00,"T","Test","Esto es un peep de ejemplo",test@hotmail.com,null
peep-14,2022/02/03 00:00,"T","Test","Esto es un peep de ejemplo",null,"https://ev.us.es/webapps/login/"